Sparsity (%),Accuracy,Precision,Recall,F1-Score
0,0.21,1.0,0.034482758620689655,0.06666666666666667
20,0.22,1.0,0.017241379310344827,0.03389830508474576
40,0.22,0.4782608695652174,0.1896551724137931,0.2716049382716049
60,0.16,0.0,0.0,0.0
80,0.16,0.0,0.0,0.0
